reviewContent,rating,buyerName,reviewTime,likeCount,skuInfo,images,star_filter,keyword,product_title
"Nhóm Màu: Trắng
Size: Int
ÁO MỎNG MANH . CÁC BẠN MUA XIN HÃY CÂN NHẮC CHO KỸ …
Helpful(0)",1,Anonymous,2025-08-14,0,"Nhóm Màu: Trắng
Size: Int",,1,áo thun nam,[HCM]ÁO THUN NAM CỔ BẺ TAY NGẮN 5 MÀU ĐƠN GIÃN SANG TRỌNG DỄ MẶC VỚI NHIỀU TRANG PHỤC 01
"Nhóm Màu: Xám ghi
Size: Int
treo đầu dê bán thịt chó, trên ảnh thì ôm dáng nhìn đẹp mua về thì rộng thênh thang, trong khi mình đã lựa đúng size
Helpful(0)",1,Anonymous,2023-12-23,0,"Nhóm Màu: Xám ghi
Size: Int",,1,áo thun nam,[HCM]ÁO THUN NAM CỔ BẺ TAY NGẮN 5 MÀU ĐƠN GIÃN SANG TRỌNG DỄ MẶC VỚI NHIỀU TRANG PHỤC 01
"Nhóm Màu: Xi măng
Size: Int
Material:xấu tệ
Helpful(0)",1,Anonymous,2023-12-27,0,"Nhóm Màu: Xi măng
Size: Int",,1,áo thun nam,[HCM]ÁO THUN NAM CỔ BẺ TAY NGẮN 5 MÀU ĐƠN GIÃN SANG TRỌNG DỄ MẶC VỚI NHIỀU TRANG PHỤC 01
"Nhóm màu: Trắng
Kích thước: Int
Helpful(0)",1,Anonymous,2021-01-30,0,"Nhóm màu: Trắng
Kích thước: Int",,1,áo thun nam,[HCM]ÁO THUN NAM CỔ BẺ TAY NGẮN 5 MÀU ĐƠN GIÃN SANG TRỌNG DỄ MẶC VỚI NHIỀU TRANG PHỤC 01
"Nhóm màu: Xám ghi
Kích thước: Int
Helpful(0)",1,Anonymous,2021-03-27,0,"Nhóm màu: Xám ghi
Kích thước: Int",,1,áo thun nam,[HCM]ÁO THUN NAM CỔ BẺ TAY NGẮN 5 MÀU ĐƠN GIÃN SANG TRỌNG DỄ MẶC VỚI NHIỀU TRANG PHỤC 01
"Nhóm màu: Xanh đen
Kích thước: Int
Helpful(0)",1,Anonymous,2021-03-12,0,"Nhóm màu: Xanh đen
Kích thước: Int",,1,áo thun nam,[HCM]ÁO THUN NAM CỔ BẺ TAY NGẮN 5 MÀU ĐƠN GIÃN SANG TRỌNG DỄ MẶC VỚI NHIỀU TRANG PHỤC 01
"Nhóm màu: Màu đen
Kích thước: Int
Helpful(0)",1,Anonymous,2021-02-03,0,"Nhóm màu: Màu đen
Kích thước: Int",,1,áo thun nam,[HCM]ÁO THUN NAM CỔ BẺ TAY NGẮN 5 MÀU ĐƠN GIÃN SANG TRỌNG DỄ MẶC VỚI NHIỀU TRANG PHỤC 01
"Nhóm màu: Trắng
Kích thước: Int
Helpful(0)",1,Anonymous,2020-12-15,0,"Nhóm màu: Trắng
Kích thước: Int",,1,áo thun nam,[HCM]ÁO THUN NAM CỔ BẺ TAY NGẮN 5 MÀU ĐƠN GIÃN SANG TRỌNG DỄ MẶC VỚI NHIỀU TRANG PHỤC 01
"Nhóm màu: Trắng
Kích thước: Int
Helpful(0)",1,Anonymous,2020-10-05,0,"Nhóm màu: Trắng
Kích thước: Int",,1,áo thun nam,[HCM]ÁO THUN NAM CỔ BẺ TAY NGẮN 5 MÀU ĐƠN GIÃN SANG TRỌNG DỄ MẶC VỚI NHIỀU TRANG PHỤC 01
"Nhóm màu: Xanh đen
Kích thước: Int
Helpful(0)",1,Anonymous,2020-10-09,0,"Nhóm màu: Xanh đen
Kích thước: Int",,1,áo thun nam,[HCM]ÁO THUN NAM CỔ BẺ TAY NGẮN 5 MÀU ĐƠN GIÃN SANG TRỌNG DỄ MẶC VỚI NHIỀU TRANG PHỤC 01
